{
  "categories": [
    {
      "id": 0,
      "name": "bees"
    },
    {
      "id": 1,
      "name": "beetle"
    },
    {
      "id": 2,
      "name": "catterpillar"
    },
    {
      "id": 3,
      "name": "earthworms"
    },
    {
      "id": 4,
      "name": "earwig"
    },
    {
      "id": 5,
      "name": "moth"
    },
    {
      "id": 6,
      "name": "slug"
    },
    {
      "id": 7,
      "name": "weevil"
    }
  ],
  "info": {
    "year": 2025,
    "version": "1.0",
    "contributor": "Label Studio"
  }
}